,Raw,ROS,Jittering,Time Warping,SMOTE,ADASYN
Earthquakes,[0.57142857 0.57142857],[0.96428571 0.07142857],[0.91071429 0.07142857],[0.89285714 0.07142857],[0.94642857 0.        ],[0.96428571 0.07142857]
CinCECGTorso,[0.65921788 0.79881657 0.89204545 0.8313253 ],[0.67597765 0.79881657 0.92045455 0.8253012 ],[0.69273743 0.67455621 0.94886364 0.69879518],[0.67039106 0.81065089 0.90340909 0.70481928],[0.67597765 0.71005917 0.94318182 0.8373494 ],[0.72625698 0.89349112 0.95454545 0.8253012 ]
DiatomSizeReduction,[1.         0.         0.         0.29411765],[1.         1.         1.         0.58823529],[1.         1.         1.         0.76470588],[1. 1. 1. 1.],[0. 0. 0. 0.],[0. 0. 0. 0.]
DistalPhalanxTW,[0.33333333 0.         1.         0.85714286 0.5        0.7       ],[0.33333333 0.         1.         0.85714286 0.33333333 0.75      ],[0.22222222 0.2        1.         0.85714286 0.33333333 0.6       ],[0.33333333 0.         1.         0.42857143 0.25       0.7       ],[0.33333333 0.2        1.         0.71428571 0.41666667 0.55      ],[0.44444444 0.2        1.         0.85714286 0.16666667 0.45      ]
CBF,[1.         1.         0.96478873],[1. 1. 1.],[1.         1.         0.99295775],[1. 1. 1.],[1.         0.99358974 1.        ],[1.         0.99358974 0.99295775]
DistalPhalanxOutlineAgeGroup,[0.72727273 0.75862069 1.        ],[0.42424242 0.86206897 0.75      ],[0.66666667 0.68965517 1.        ],[0.78787879 0.75862069 1.        ],[0.84848485 0.62068966 1.        ],[0.75757576 0.68965517 1.        ]
DistalPhalanxOutlineCorrect,[0.65454545 0.89156627],[0.67272727 0.84337349],[0.76363636 0.87951807],[0.87272727 0.69879518],[0.74545455 0.8313253 ],[0.74545455 0.8313253 ]
ChlorineConcentration,[0.60666667 0.86935167 0.90929204],[0.64666667 0.93123772 0.86061947],[0.62       0.94400786 0.83849558],[0.60888889 0.95088409 0.8119469 ],[0.00888889 0.33005894 0.97566372],[0.63777778 0.92632613 0.8539823 ]
